Temperature,activation,batch_size,epochs,input_dim,loss,lr,s,w1,w2,w3,wht,Free_eng_score,eng_score,ent_score,mae_feng
1200,leaky_relu,32,300,20,mse,0.001,4,2,2,1,0.9,0.8445580367845493,0.96561561096321,0.8886999117077654,1870.5631545488789
1200,leaky_relu,32,300,20,mse,0.001,4,2,2,10,0.9,0.8594272155751779,0.9511660414744407,0.891327620005113,1716.3540585790772
1200,leaky_relu,32,300,20,mse,0.001,4,2,2,50,0.9,0.873263491610832,0.7662042960949419,0.8864606346011654,1555.2452964803992
1200,leaky_relu,32,300,20,mse,0.001,4,2,2,100,0.9,0.8523733437985508,0.2552461143947907,0.8552289645609403,1779.3991626030415
1200,leaky_relu,32,300,20,mse,0.001,4,2,3,1,0.9,0.8440675060045255,0.9656158960597921,0.8884480561150792,1873.6127095118522
1200,leaky_relu,32,300,20,mse,0.001,4,2,3,10,0.9,0.8593477977953698,0.9511133609824379,0.8912768425574935,1716.9136132609979
1200,leaky_relu,32,300,20,mse,0.001,4,2,3,50,0.9,0.8729300588183315,0.7701277710893373,0.8866277088466076,1557.6049182281663
1200,leaky_relu,32,300,20,mse,0.001,4,2,3,100,0.9,0.8524014651525619,0.2564151839702209,0.8560270325492987,1777.0058210248849
1200,leaky_relu,32,300,20,mse,0.001,4,2,4,1,0.9,0.8437515997588005,0.9656201814940554,0.8882808870586995,1876.3353508188288
1200,leaky_relu,32,300,20,mse,0.001,4,2,4,10,0.9,0.859208419709786,0.951074013442277,0.8911815533220317,1718.1986141444377
1200,leaky_relu,32,300,20,mse,0.001,4,2,4,50,0.9,0.8728955475501317,0.7737577686149982,0.8870456531455875,1556.3103323946182
1200,leaky_relu,32,300,20,mse,0.001,4,2,4,100,0.9,0.8523788398254191,0.25670085225476824,0.8564743011050218,1775.8351986782936
1200,leaky_relu,32,300,20,mse,0.001,4,3,2,1,0.9,0.8445684039531026,0.965571154783014,0.888724281514716,1870.3884084958856
1200,leaky_relu,32,300,20,mse,0.001,4,3,2,10,0.9,0.8506357628109206,0.9632172622467033,0.8899154028344043,1812.2653160205332
1200,leaky_relu,32,300,20,mse,0.001,4,3,2,50,0.9,0.8712379839519291,0.9022988592128557,0.8912084592771082,1573.0303715440646
1200,leaky_relu,32,300,20,mse,0.001,4,3,2,100,0.9,0.8620180524709352,0.4765730621434613,0.8683245447465857,1680.4787904329623
1200,leaky_relu,32,300,20,mse,0.001,4,3,3,1,0.9,0.8440096218313912,0.9655782575761831,0.8884317168585296,1874.3562685267852
1200,leaky_relu,32,300,20,mse,0.001,4,3,3,10,0.9,0.8485963940874108,0.9632202300542044,0.8886280735648052,1832.7431590207482
1200,leaky_relu,32,300,20,mse,0.001,4,3,3,50,0.9,0.8712080468775408,0.9021677051049188,0.8910596928361346,1571.3613903970959
1200,leaky_relu,32,300,20,mse,0.001,4,3,3,100,0.9,0.8618186651492218,0.4764097240717714,0.8687095023888677,1681.5315575247437
1200,leaky_relu,32,300,20,mse,0.001,4,3,4,1,0.9,0.8436962631967864,0.9655791376009472,0.8882672776049148,1877.0607094316717
1200,leaky_relu,32,300,20,mse,0.001,4,3,4,10,0.9,0.8485002688304291,0.9632326264391884,0.8885767920806413,1833.5127476141472
1200,leaky_relu,32,300,20,mse,0.001,4,3,4,50,0.9,0.8705306382865392,0.9031586881474412,0.8909308850519507,1578.8345939571423
1200,leaky_relu,32,300,20,mse,0.001,4,3,4,100,0.9,0.8614738273197382,0.47491785070240605,0.8689469303350621,1684.4824625127226
1200,leaky_relu,32,300,20,mse,0.001,4,4,2,1,0.9,0.8445158832155756,0.9655771426680975,0.888727349998405,1870.9401088966538
1200,leaky_relu,32,300,20,mse,0.001,4,4,2,10,0.9,0.850713383118409,0.9638487419189828,0.8906869450450372,1813.6280831005906
1200,leaky_relu,32,300,20,mse,0.001,4,4,2,50,0.9,0.8582937514608917,0.9423002936203186,0.8922394626437362,1706.0338222827145
1200,leaky_relu,32,300,20,mse,0.001,4,4,2,100,0.9,0.8732843608158414,0.7654445881021574,0.8861742509144088,1556.8739170088063
1200,leaky_relu,32,300,20,mse,0.001,4,4,3,1,0.9,0.8439579624727815,0.9655813565711101,0.8884356542249042,1874.89939349877
1200,leaky_relu,32,300,20,mse,0.001,4,4,3,10,0.9,0.8505180659826029,0.9638314256495668,0.890552522557938,1815.5096349333592
1200,leaky_relu,32,300,20,mse,0.001,4,4,3,50,0.9,0.8585714662490549,0.9399328235482209,0.8921188651274159,1703.5956116413226
1200,leaky_relu,32,300,20,mse,0.001,4,4,3,100,0.9,0.8732480003087626,0.766841027913667,0.8863479176554301,1556.4383125017728
1200,leaky_relu,32,300,20,mse,0.001,4,4,4,1,0.9,0.8436405705643916,0.9655836225649174,0.8882709272391145,1877.6273999440205
1200,leaky_relu,32,300,20,mse,0.001,4,4,4,10,0.9,0.8501888807082689,0.963879867929162,0.8903961533948062,1819.3650348361602
1200,leaky_relu,32,300,20,mse,0.001,4,4,4,50,0.9,0.858282052325056,0.9419938543642634,0.8922243845487186,1706.0766818378559
1200,leaky_relu,32,300,20,mse,0.001,4,4,4,100,0.9,0.8732631557371164,0.7661904606626494,0.8864606927478162,1555.247027691476
1200,leaky_relu,32,300,20,mse,0.1,4,2,2,1,0.9,0.8470866844313738,0.9649159226422891,0.901447849833661,1695.8644303805463
1200,leaky_relu,32,300,20,mse,0.1,4,2,2,10,0.9,0.8810805493828231,0.9646919140519173,0.9158146726664734,1407.742580155424
1200,leaky_relu,32,300,20,mse,0.1,4,2,2,50,0.9,0.856259765847248,0.9521809863364852,0.9084913344097855,1821.396198939479
1200,leaky_relu,32,300,20,mse,0.1,4,2,2,100,0.9,0.8531223503174987,0.9108630636962844,0.8813813636494267,1760.9932978604402
1200,leaky_relu,32,300,20,mse,0.1,4,2,3,1,0.9,0.8319756892934937,0.9682381405451261,0.8850944483979627,1896.2740715459558
1200,leaky_relu,32,300,20,mse,0.1,4,2,3,10,0.9,0.8637784210377566,0.964115798288218,0.9122733746350424,1610.419978918454
1200,leaky_relu,32,300,20,mse,0.1,4,2,3,50,0.9,0.8436319402464397,0.9573162153302154,0.8961744272648718,1753.9055554784877
1200,leaky_relu,32,300,20,mse,0.1,4,2,3,100,0.9,0.8363780055745058,0.8861559322289554,0.8828831907298347,1957.5213878367088
1200,leaky_relu,32,300,20,mse,0.1,4,2,4,1,0.9,0.8661064944323461,0.9568533869048615,0.9095227223284481,1524.478246138148
1200,leaky_relu,32,300,20,mse,0.1,4,2,4,10,0.9,0.8416084955526624,0.9654188105476575,0.8970440330977322,1878.612097596693
1200,leaky_relu,32,300,20,mse,0.1,4,2,4,50,0.9,0.8491987663207624,0.961709253744375,0.8977144115418485,1724.2311483844064
1200,leaky_relu,32,300,20,mse,0.1,4,2,4,100,0.9,0.8374499219837305,0.9152489082298775,0.8780843326846266,1904.8117132508162
1200,leaky_relu,32,300,20,mse,0.1,4,3,2,1,0.9,0.8445122253001953,0.9708118490786203,0.8989708666216403,1735.0040460121036
1200,leaky_relu,32,300,20,mse,0.1,4,3,2,10,0.9,0.7720200532754877,0.9710980352745854,0.8530018593063652,2531.1487859148615
1200,leaky_relu,32,300,20,mse,0.1,4,3,2,50,0.9,0.8212225432273914,0.9643956936433739,0.8798712291268243,2038.2906762986918
1200,leaky_relu,32,300,20,mse,0.1,4,3,2,100,0.9,0.8528213022436344,0.9482789269330367,0.8941773974939186,1785.4649768525019
1200,leaky_relu,32,300,20,mse,0.1,4,3,3,1,0.9,0.8259753379517227,0.9615252414250227,0.8825432326352185,1904.012532389153
1200,leaky_relu,32,300,20,mse,0.1,4,3,3,10,0.9,0.7932929046948564,0.963594814468377,0.8658610077512994,2338.5190225187343
1200,leaky_relu,32,300,20,mse,0.1,4,3,3,50,0.9,0.8525603240337253,0.9592880965934549,0.9021462685276151,1755.8156150141049
1200,leaky_relu,32,300,20,mse,0.1,4,3,3,100,0.9,0.8594858532676741,0.9443306346158741,0.9054886124477083,1781.275477288431
1200,leaky_relu,32,300,20,mse,0.1,4,3,4,1,0.9,0.8656838462034395,0.9548140621757559,0.9116266844562017,1542.1444514524676
1200,leaky_relu,32,300,20,mse,0.1,4,3,4,10,0.9,0.8474386373836635,0.9718565663222307,0.9019633550945199,1762.0524371292709
1200,leaky_relu,32,300,20,mse,0.1,4,3,4,50,0.9,0.8019960967331146,0.9660666053822295,0.8707157886170898,2282.9121551561398
1200,leaky_relu,32,300,20,mse,0.1,4,3,4,100,0.9,0.8815932536018971,0.928175372837249,0.9049514264350973,1452.5116288323043
1200,leaky_relu,32,300,20,mse,0.1,4,4,2,1,0.9,0.8452916887031162,0.9768242149005091,0.8998106402462944,1733.852929647912
1200,leaky_relu,32,300,20,mse,0.1,4,4,2,10,0.9,0.8567559378661187,0.9474228791223297,0.8998968422062956,1601.666665676815
1200,leaky_relu,32,300,20,mse,0.1,4,4,2,50,0.9,0.8523397148238503,0.9693469236791219,0.9044681170239552,1714.9057795405865
1200,leaky_relu,32,300,20,mse,0.1,4,4,2,100,0.9,0.824530501100272,0.9524094701254404,0.8838648931541158,2059.9031878677047
1200,leaky_relu,32,300,20,mse,0.1,4,4,3,1,0.9,0.8433143785209861,0.9560534157263201,0.8937377691207762,1715.877769294364
1200,leaky_relu,32,300,20,mse,0.1,4,4,3,10,0.9,0.8425948110859427,0.9574268827741848,0.8936031066864388,1900.5667809016081
1200,leaky_relu,32,300,20,mse,0.1,4,4,3,50,0.9,0.7997410210294689,0.9667273426415042,0.8759904874929921,2312.4776567662875
1200,leaky_relu,32,300,20,mse,0.1,4,4,3,100,0.9,0.8838746263972438,0.9575945956453068,0.9177612221794542,1448.895937011865
1200,leaky_relu,32,300,20,mse,0.1,4,4,4,1,0.9,0.8638053062616234,0.9494080368975573,0.9118893384639766,1484.2853705519524
1200,leaky_relu,32,300,20,mse,0.1,4,4,4,10,0.9,0.8604683357030984,0.9483192332274413,0.9064015351650321,1640.8269711420896
1200,leaky_relu,32,300,20,mse,0.1,4,4,4,50,0.9,0.8646571481882276,0.9727176584343127,0.9105445372994256,1585.0196901642053
1200,leaky_relu,32,300,20,mse,0.1,4,4,4,100,0.9,0.8410830373654924,0.9572698497039541,0.8960226876774133,1812.2591653534441
1200,leaky_relu,32,300,25,mse,0.001,4,2,2,1,0.9,0.7859436006166175,0.43296995767341834,0.8700589665879856,2461.6992218193177
1200,leaky_relu,32,300,25,mse,0.001,4,2,2,10,0.9,0.8141125224980742,0.38605210271232493,0.8461975971343847,2229.821019878628
1200,leaky_relu,32,300,25,mse,0.001,4,2,2,50,0.9,0.8148503321136532,0.28603550254763055,0.832507599174558,2237.84998401296
1200,leaky_relu,32,300,25,mse,0.001,4,2,2,100,0.9,0.8057303390607823,0.0903628040155664,0.8174997150916131,2335.2782262693017
1200,leaky_relu,32,300,25,mse,0.001,4,2,3,1,0.9,0.7815352601662523,0.4329028823930017,0.8768750822904641,2506.679530816251
1200,leaky_relu,32,300,25,mse,0.001,4,2,3,10,0.9,0.8125515466350012,0.38612083275540965,0.8497272947282063,2235.96414237757
1200,leaky_relu,32,300,25,mse,0.001,4,2,3,50,0.9,0.8146615313154024,0.28638057818503465,0.8337244934074817,2236.261826310066
1200,leaky_relu,32,300,25,mse,0.001,4,2,3,100,0.9,0.8054455244004075,0.09056917557538671,0.8181552113090894,2336.3977754220878
1200,leaky_relu,32,300,25,mse,0.001,4,2,4,1,0.9,0.77441989775187,0.4331055668819699,0.8776971587210627,2578.553003345815
1200,leaky_relu,32,300,25,mse,0.001,4,2,4,10,0.9,0.8109108454492775,0.3859499439174905,0.8527041407701579,2244.7713416767174
1200,leaky_relu,32,300,25,mse,0.001,4,2,4,50,0.9,0.8158854634338234,0.2921214697218197,0.8356840768970072,2221.011095398625
1200,leaky_relu,32,300,25,mse,0.001,4,2,4,100,0.9,0.8053246724135932,0.09241430799091796,0.8191368879769034,2335.237706920434
1200,leaky_relu,32,300,25,mse,0.001,4,3,2,1,0.9,0.7858536948018954,0.43334442600946793,0.8700888000082143,2462.6524150560595
1200,leaky_relu,32,300,25,mse,0.001,4,3,2,10,0.9,0.8142922663314559,0.4119082167592807,0.8478549527613448,2227.40696305151
1200,leaky_relu,32,300,25,mse,0.001,4,3,2,50,0.9,0.8186447908753174,0.40928679131652995,0.8402236705289036,2196.5685770316727
1200,leaky_relu,32,300,25,mse,0.001,4,3,2,100,0.9,0.8070456978390852,0.2068394248195952,0.8238603696392647,2316.597518280511
1200,leaky_relu,32,300,25,mse,0.001,4,3,3,1,0.9,0.7814622773602127,0.4336596615785543,0.8768822688083785,2507.4385925294728
1200,leaky_relu,32,300,25,mse,0.001,4,3,3,10,0.9,0.8128763683148444,0.41206466432269956,0.8512531033877747,2232.299761206853
1200,leaky_relu,32,300,25,mse,0.001,4,3,3,50,0.9,0.8184194544634893,0.4092221336673701,0.8412142817954952,2195.709291158638
1200,leaky_relu,32,300,25,mse,0.001,4,3,3,100,0.9,0.8061215498097982,0.2037602731007407,0.8246096201940915,2327.3230718837713
1200,leaky_relu,32,300,25,mse,0.001,4,3,4,1,0.9,0.7743874833246664,0.43347857438579085,0.8777071526996311,2578.849003158754
1200,leaky_relu,32,300,25,mse,0.001,4,3,4,10,0.9,0.811184957584875,0.41227536470941956,0.8540424263190669,2241.722360188141
1200,leaky_relu,32,300,25,mse,0.001,4,3,4,50,0.9,0.8188627918694975,0.41851550711903485,0.8435208315698873,2188.1259706353417
1200,leaky_relu,32,300,25,mse,0.001,4,3,4,100,0.9,0.8060241798002262,0.20364904480389104,0.825349392017969,2326.8248885820108
1200,leaky_relu,32,300,25,mse,0.001,4,4,2,1,0.9,0.7858662529545537,0.43337242017591865,0.8700854514699088,2462.5838147154554
1200,leaky_relu,32,300,25,mse,0.001,4,4,2,10,0.9,0.8148681772798055,0.42433916969845115,0.8483065593826732,2221.912969707702
1200,leaky_relu,32,300,25,mse,0.001,4,4,2,50,0.9,0.8185232034467946,0.5044623208544639,0.8460106355850678,2197.5246763352634
1200,leaky_relu,32,300,25,mse,0.001,4,4,2,100,0.9,0.8151703276567749,0.28836295509187715,0.8315976647193541,2238.945398229796
1200,leaky_relu,32,300,25,mse,0.001,4,4,3,1,0.9,0.7814809727285508,0.43356474112076115,0.8768818307557255,2507.3090602435673
1200,leaky_relu,32,300,25,mse,0.001,4,4,3,10,0.9,0.8131579222722436,0.42437413675676516,0.8515007705884237,2229.4402638009306
1200,leaky_relu,32,300,25,mse,0.001,4,4,3,50,0.9,0.8184758758147386,0.5054203558819789,0.846778578735132,2195.596818026264
1200,leaky_relu,32,300,25,mse,0.001,4,4,3,100,0.9,0.8149236644696083,0.2878648443617486,0.8321255084506717,2239.7788385328417
1200,leaky_relu,32,300,25,mse,0.001,4,4,4,1,0.9,0.7743573642603837,0.43339824018843653,0.8777118288435046,2579.265048898846
1200,leaky_relu,32,300,25,mse,0.001,4,4,4,10,0.9,0.8115218458715757,0.4245587313243634,0.8542200193579711,2238.2093713182835
1200,leaky_relu,32,300,25,mse,0.001,4,4,4,50,0.9,0.8187272197128938,0.4950374723662727,0.8469449697291482,2190.8022041705285
1200,leaky_relu,32,300,25,mse,0.001,4,4,4,100,0.9,0.8148503055369466,0.286035520248932,0.8325075868512348,2237.850415742677
1200,leaky_relu,32,300,25,mse,0.1,4,2,2,1,0.9,0.9153487826856882,0.9881886669652649,0.947043333404399,1012.2950254130493
1200,leaky_relu,32,300,25,mse,0.1,4,2,2,10,0.9,0.9190576063588365,0.9838998820739386,0.9449296007980309,917.8428297342033
1200,leaky_relu,32,300,25,mse,0.1,4,2,2,50,0.9,0.9343480838171048,0.9555493490176608,0.94867738536884,826.786207133886
1200,leaky_relu,32,300,25,mse,0.1,4,2,2,100,0.9,0.908735136292274,0.9401613175746064,0.9304635252834117,1078.0084476790964
1200,leaky_relu,32,300,25,mse,0.1,4,2,3,1,0.9,0.9079452625891701,0.9879869039577032,0.9423614753064913,1109.804150071757
1200,leaky_relu,32,300,25,mse,0.1,4,2,3,10,0.9,0.8980609749909054,0.984558808194382,0.9333730412454343,1141.329427922652
1200,leaky_relu,32,300,25,mse,0.1,4,2,3,50,0.9,0.9073722365419719,0.9545984240231695,0.9393969598472108,1107.2551749319616
1200,leaky_relu,32,300,25,mse,0.1,4,2,3,100,0.9,0.9578552260998018,0.9483395635948428,0.9664245244475793,583.0852497838473
1200,leaky_relu,32,300,25,mse,0.1,4,2,4,1,0.9,0.9105367442049764,0.987410882994645,0.9433996015606754,1005.3991470719327
1200,leaky_relu,32,300,25,mse,0.1,4,2,4,10,0.9,0.9411424144899728,0.9848646438318521,0.9597687265424458,760.6939069990096
1200,leaky_relu,32,300,25,mse,0.1,4,2,4,50,0.9,0.9187111226449162,0.9689744262304715,0.9432185670990385,1008.3033158624407
1200,leaky_relu,32,300,25,mse,0.1,4,2,4,100,0.9,0.9279467342178598,0.9315450637306705,0.9373949996675133,916.2302982200745
1200,leaky_relu,32,300,25,mse,0.1,4,3,2,1,0.9,0.9325652654175006,0.988207639308548,0.9557476067990653,831.2184189681641
1200,leaky_relu,32,300,25,mse,0.1,4,3,2,10,0.9,0.9473879480480492,0.9843836617803436,0.9641418749111484,678.3734012573241
1200,leaky_relu,32,300,25,mse,0.1,4,3,2,50,0.9,0.9009839277028812,0.9680347560651986,0.927617183236719,1095.284102975331
1200,leaky_relu,32,300,25,mse,0.1,4,3,2,100,0.9,0.9147627167751523,0.9472905032990753,0.9330652274461086,1025.0916670941547
1200,leaky_relu,32,300,25,mse,0.1,4,3,3,1,0.9,0.8801737560519094,0.9883313049686238,0.9274791854497122,1387.4814892678028
1200,leaky_relu,32,300,25,mse,0.1,4,3,3,10,0.9,0.907541853898594,0.9853662689742138,0.9377221296364548,1025.6133835159003
1200,leaky_relu,32,300,25,mse,0.1,4,3,3,50,0.9,0.9114235868347379,0.9781618675947156,0.9403359305641387,1061.4770536677493
1200,leaky_relu,32,300,25,mse,0.1,4,3,3,100,0.9,0.9067011096112056,0.9560078306176223,0.9269893754210942,1105.6768209680038
1200,leaky_relu,32,300,25,mse,0.1,4,3,4,1,0.9,0.8951569080275729,0.9890315122458135,0.9371129753038143,1176.7955220087686
1200,leaky_relu,32,300,25,mse,0.1,4,3,4,10,0.9,0.9490396302774251,0.9843960169785122,0.9640382186957279,638.9045777741051
1200,leaky_relu,32,300,25,mse,0.1,4,3,4,50,0.9,0.9617659261383597,0.9810470417985453,0.9744021033326451,515.8466669694801
1200,leaky_relu,32,300,25,mse,0.1,4,3,4,100,0.9,0.9016968356873234,0.922522813835148,0.9278165776677381,1138.522358580176
1200,leaky_relu,32,300,25,mse,0.1,4,4,2,1,0.9,0.8843464521785449,0.9895614975509901,0.9256990519426681,1326.984835904825
1200,leaky_relu,32,300,25,mse,0.1,4,4,2,10,0.9,0.9331427866164084,0.9812304013828187,0.9540403434062653,793.612022376149
1200,leaky_relu,32,300,25,mse,0.1,4,4,2,50,0.9,0.9132110692299488,0.9809209343288464,0.9455422441550817,1061.6832370769425
1200,leaky_relu,32,300,25,mse,0.1,4,4,2,100,0.9,0.92001491068732,0.9534471826135328,0.9395400231410216,976.279315652545
1200,leaky_relu,32,300,25,mse,0.1,4,4,3,1,0.9,0.8878569970944468,0.9886324474277259,0.9323387954497394,1259.0542335063121
1200,leaky_relu,32,300,25,mse,0.1,4,4,3,10,0.9,0.9089289175889358,0.9867545884451577,0.9410843348297151,1019.9678392564147
1200,leaky_relu,32,300,25,mse,0.1,4,4,3,50,0.9,0.9322285116099377,0.9612593632318537,0.949760460598244,878.0460237574346
1200,leaky_relu,32,300,25,mse,0.1,4,4,3,100,0.9,0.9230999312322308,0.9623534560458357,0.9460721532114675,924.2663211349253
1200,leaky_relu,32,300,25,mse,0.1,4,4,4,1,0.9,0.8699228025196151,0.9896554739579911,0.9234539020057841,1453.8037585207912
1200,leaky_relu,32,300,25,mse,0.1,4,4,4,10,0.9,0.9507502378813515,0.9877570490019745,0.9657799917644694,614.7993696258377
1200,leaky_relu,32,300,25,mse,0.1,4,4,4,50,0.9,0.9037287066352079,0.9534582482014594,0.9270085987295897,1135.9633754660786
1200,leaky_relu,32,300,25,mse,0.1,4,4,4,100,0.9,0.9192843854116697,0.9461700486706296,0.9424531313703558,959.9897950027807
1200,leaky_relu,32,300,30,mse,0.001,4,2,2,1,0.9,0.8219841181892155,0.9475233104804556,0.8684694697288627,2034.0383148027279
1200,leaky_relu,32,300,30,mse,0.001,4,2,2,10,0.9,0.8277036220851688,0.9471872948112238,0.870732720267659,1978.6384784365346
1200,leaky_relu,32,300,30,mse,0.001,4,2,2,50,0.9,0.82855953583513,0.7820447385526554,0.8773903374421059,1976.6996773253209
1200,leaky_relu,32,300,30,mse,0.001,4,2,2,100,0.9,0.8290955500433731,-0.07616066798950166,0.8549678318410163,1952.8249564336597
1200,leaky_relu,32,300,30,mse,0.001,4,2,3,1,0.9,0.8207025313506122,0.9475501519693593,0.8678865305361824,2044.9700984032975
1200,leaky_relu,32,300,30,mse,0.001,4,2,3,10,0.9,0.8275152678196479,0.9470092619701911,0.870644630193526,1980.8292705711697
1200,leaky_relu,32,300,30,mse,0.001,4,2,3,50,0.9,0.8265299756650739,0.8140079123309685,0.8780460658640916,1987.9600974968207
1200,leaky_relu,32,300,30,mse,0.001,4,2,3,100,0.9,0.8277675597933014,-0.08596736271569841,0.8557829138618369,1961.3754302445197
1200,leaky_relu,32,300,30,mse,0.001,4,2,4,1,0.9,0.8175285870845438,0.9474859661104005,0.8661121614972118,2074.7937413587506
1200,leaky_relu,32,300,30,mse,0.001,4,2,4,10,0.9,0.8273552537981148,0.9469447914770768,0.870544739580208,1980.8643273540622
1200,leaky_relu,32,300,30,mse,0.001,4,2,4,50,0.9,0.8287492865725192,0.7900996541954702,0.8764497579808961,1967.9806150018171
1200,leaky_relu,32,300,30,mse,0.001,4,2,4,100,0.9,0.8269728330784598,-0.08594629895530917,0.8562385396031167,1968.4285358145169
1200,leaky_relu,32,300,30,mse,0.001,4,3,2,1,0.9,0.8222703936118594,0.9468780017899298,0.8684213220231531,2027.099752062718
1200,leaky_relu,32,300,30,mse,0.001,4,3,2,10,0.9,0.8284927348669289,0.9455191812218359,0.8708867586977457,1972.4758727594294
1200,leaky_relu,32,300,30,mse,0.001,4,3,2,50,0.9,0.8313540314368834,0.9361661238048797,0.8770360116192306,1942.6781976851744
1200,leaky_relu,32,300,30,mse,0.001,4,3,2,100,0.9,0.8316754313887209,0.3587801181023972,0.8682402201681576,1931.913126036872
1200,leaky_relu,32,300,30,mse,0.001,4,3,3,1,0.9,0.8204568963251857,0.9480860329392715,0.8678833976197529,2047.5904970716667
1200,leaky_relu,32,300,30,mse,0.001,4,3,3,10,0.9,0.8282639320237206,0.9465266756406119,0.8708703226618646,1974.0206478746188
1200,leaky_relu,32,300,30,mse,0.001,4,3,3,50,0.9,0.8216473695673885,0.9356679091100316,0.8710714257248049,2035.5213207434501
1200,leaky_relu,32,300,30,mse,0.001,4,3,3,100,0.9,0.8301931851058879,0.3680769036977517,0.8677588652875752,1944.4196075302893
1200,leaky_relu,32,300,30,mse,0.001,4,3,4,1,0.9,0.8173133062622426,0.9480392981778674,0.8661040491004972,2077.536282942332
1200,leaky_relu,32,300,30,mse,0.001,4,3,4,10,0.9,0.8280519341781383,0.9463779807034115,0.8707916611983838,1973.8347969797437
1200,leaky_relu,32,300,30,mse,0.001,4,3,4,50,0.9,0.8323940657365596,0.9340593401699576,0.8760340995459254,1931.5594146422275
1200,leaky_relu,32,300,30,mse,0.001,4,3,4,100,0.9,0.8277233157866934,0.39941265198155357,0.8678079257248901,1969.203218118451
1200,leaky_relu,32,300,30,mse,0.001,4,4,2,1,0.9,0.8224228100505571,0.9461199991152636,0.8684993688549109,2025.6550832342818
1200,leaky_relu,32,300,30,mse,0.001,4,4,2,10,0.9,0.8246237021459976,0.9487283247425092,0.8691061114482355,2012.0166986503077
1200,leaky_relu,32,300,30,mse,0.001,4,4,2,50,0.9,0.8243312140265964,0.9572880508971733,0.8752163028109454,2023.286775017326
1200,leaky_relu,32,300,30,mse,0.001,4,4,2,100,0.9,0.8334751945747132,0.7804131911313209,0.8798769781886095,1927.7613214832577
1200,leaky_relu,32,300,30,mse,0.001,4,4,3,1,0.9,0.8210577384147323,0.9462008762304283,0.867894097395473,2037.410724031798
1200,leaky_relu,32,300,30,mse,0.001,4,4,3,10,0.9,0.8272227450370823,0.9486650040625701,0.8707654446244877,1984.7031057189529
1200,leaky_relu,32,300,30,mse,0.001,4,4,3,50,0.9,0.8239264085966589,0.9575508496555865,0.8749752168964717,2025.6452899205947
1200,leaky_relu,32,300,30,mse,0.001,4,4,3,100,0.9,0.8295480148615688,0.8058002293089916,0.8798898613763766,1964.0971002497624
1200,leaky_relu,32,300,30,mse,0.001,4,4,4,1,0.9,0.8179005707127721,0.9462052111292093,0.8661327941788879,2067.2962992047223
1200,leaky_relu,32,300,30,mse,0.001,4,4,4,10,0.9,0.8242721761347485,0.948665127914659,0.8690643267547032,2011.4918736428128
1200,leaky_relu,32,300,30,mse,0.001,4,4,4,50,0.9,0.8245716944494823,0.9565578278816372,0.8746825177123653,2017.6761218790782
1200,leaky_relu,32,300,30,mse,0.001,4,4,4,100,0.9,0.8285595743241194,0.7820447420799145,0.8773903476935455,1976.699330022556
1200,leaky_relu,32,300,30,mse,0.1,4,2,2,1,0.9,0.8691395982846857,0.9834366113924286,0.9194842139354183,1487.517613852595
1200,leaky_relu,32,300,30,mse,0.1,4,2,2,10,0.9,0.8601624660678697,0.9748710436141144,0.9064356154500708,1618.2256906845398
1200,leaky_relu,32,300,30,mse,0.1,4,2,2,50,0.9,0.8476899260810139,0.9635590268497907,0.9087303506864481,1688.7656076145915
1200,leaky_relu,32,300,30,mse,0.1,4,2,2,100,0.9,0.8416431103408837,0.9028660635522584,0.8804198626099684,1764.5926579007378
1200,leaky_relu,32,300,30,mse,0.1,4,2,3,1,0.9,0.7416766551877079,0.9838369981528111,0.8442396665540527,2721.217676678827
1200,leaky_relu,32,300,30,mse,0.1,4,2,3,10,0.9,0.8490712474405189,0.9739688646816268,0.9012594207539779,1699.9655493329003
1200,leaky_relu,32,300,30,mse,0.1,4,2,3,50,0.9,0.7408868159962771,0.9157747232380196,0.831722075886717,2766.905972356288
1200,leaky_relu,32,300,30,mse,0.1,4,2,3,100,0.9,0.857986684442484,0.9078470544817832,0.897691972575091,1565.2725719373761
1200,leaky_relu,32,300,30,mse,0.1,4,2,4,1,0.9,0.853611603316796,0.9792468119379083,0.9076643521414952,1628.1459250816874
1200,leaky_relu,32,300,30,mse,0.1,4,2,4,10,0.9,0.8643165836930582,0.9721972372691385,0.9061622043330233,1642.7069034115393
1200,leaky_relu,32,300,30,mse,0.1,4,2,4,50,0.9,0.7459196525982725,0.9379150353583122,0.8497237181111279,2689.4690696663192
1200,leaky_relu,32,300,30,mse,0.1,4,2,4,100,0.9,0.8700969781275971,0.9038864087400067,0.8983505543238886,1452.0336895422593
1200,leaky_relu,32,300,30,mse,0.1,4,3,2,1,0.9,0.8697961667566283,0.9826331558315442,0.9170597774028636,1576.3534579504883
1200,leaky_relu,32,300,30,mse,0.1,4,3,2,10,0.9,0.8658637900003938,0.9771855870932931,0.912319008318508,1545.896495250888
1200,leaky_relu,32,300,30,mse,0.1,4,3,2,50,0.9,0.7967193991562596,0.960009965850289,0.8646440199029953,2335.95487265052
1200,leaky_relu,32,300,30,mse,0.1,4,3,2,100,0.9,0.8738995060808313,0.9313675906148505,0.9051568092714879,1422.796638413508
1200,leaky_relu,32,300,30,mse,0.1,4,3,3,1,0.9,0.7407188982369313,0.9632440579608494,0.8418836086620654,2759.097284605225
1200,leaky_relu,32,300,30,mse,0.1,4,3,3,10,0.9,0.8815636488482959,0.9821033693433918,0.9217101559863558,1415.4506980955505
1200,leaky_relu,32,300,30,mse,0.1,4,3,3,50,0.9,0.7754131837996325,0.9009125374180655,0.8467457028646869,2447.8944781430364
1200,leaky_relu,32,300,30,mse,0.1,4,3,3,100,0.9,0.8212932468167384,0.8766950541246844,0.8730389857893524,1937.631490742452
1200,leaky_relu,32,300,30,mse,0.1,4,3,4,1,0.9,0.8260362482020415,0.9791263219909534,0.8864566145946169,1907.4245177111518
1200,leaky_relu,32,300,30,mse,0.1,4,3,4,10,0.9,0.8418382743307892,0.9823071456623312,0.8975018675764447,1832.5557945756702
1200,leaky_relu,32,300,30,mse,0.1,4,3,4,50,0.9,0.7807616712131789,0.9531442761723964,0.851815721499877,2337.254158543021
1200,leaky_relu,32,300,30,mse,0.1,4,3,4,100,0.9,0.8899041987031204,0.9366020592735083,0.9238257191712191,1278.177044155295
1200,leaky_relu,32,300,30,mse,0.1,4,4,2,1,0.9,0.839500160819538,0.981815902946445,0.8964910294863457,1891.6606437108608
1200,leaky_relu,32,300,30,mse,0.1,4,4,2,10,0.9,0.8903655888156422,0.977126489027709,0.9265930066747561,1294.5839722156163
1200,leaky_relu,32,300,30,mse,0.1,4,4,2,50,0.9,0.8524527915403517,0.9541487486584842,0.8946214064849074,1639.2464460485603
1200,leaky_relu,32,300,30,mse,0.1,4,4,2,100,0.9,0.7651715578919832,0.7589382735081123,0.8708915597208374,2682.138310885499
1200,leaky_relu,32,300,30,mse,0.1,4,4,3,1,0.9,0.7996870490945676,0.9814791303911756,0.8753777158180185,2208.9150994259203
1200,leaky_relu,32,300,30,mse,0.1,4,4,3,10,0.9,0.8715190127701864,0.9809429664740896,0.9161656576869105,1522.57077775596
1200,leaky_relu,32,300,30,mse,0.1,4,4,3,50,0.9,0.8446952536537513,0.9577258098815986,0.897661131499274,1747.7973206946854
1200,leaky_relu,32,300,30,mse,0.1,4,4,3,100,0.9,0.7625411236444286,0.94844080137284,0.8576419271404702,2563.1640901857845
1200,leaky_relu,32,300,30,mse,0.1,4,4,4,1,0.9,0.6885011658684672,0.9797534297777837,0.8055262359332072,3339.6353829146537
1200,leaky_relu,32,300,30,mse,0.1,4,4,4,10,0.9,0.8474120998275785,0.960314370326971,0.9097576719830458,1779.422924513382
1200,leaky_relu,32,300,30,mse,0.1,4,4,4,50,0.9,0.8030449459776274,0.9615119627067699,0.8708289503649973,2131.983253354972
1200,leaky_relu,32,300,30,mse,0.1,4,4,4,100,0.9,0.852114317928079,0.9578853345521543,0.9088904292575536,1665.5168850572322
